month,market_cap,turnover_ratio,roe,roa,inc_return,net_profit_margin,gross_profit_margin,operating_expense_to_total_revenue,expense_to_total_revenue,operation_profit_to_total_revenue,invesment_profit_to_profit,adjusted_profit_to_profit,goods_sale_and_service_to_revenue,ocf_to_revenue,ocf_to_operating_profit,inc_total_revenue_annual,inc_total_revenue_year_on_year,inc_revenue_year_on_year,inc_revenue_annual,inc_operation_profit_year_on_year,inc_operation_profit_annual,inc_net_profit_year_on_year,inc_net_profit_annual,inc_net_profit_to_shareholders_year_on_year,inc_net_profit_to_shareholders_annual
2008-01,0.019650578673480856,0.06180183078029078,-0.007378292717658996,-0.05206426592930369,0.0013849012404172356,-0.05156457374066448,-0.06441958051902585,0.021552999120275196,0.07730180512553564,-0.05046011480585777,0.0039943472519046175,0.0117702175885821,-0.0013566869753894872,-0.013461444557040014,0.03251992554260519,-0.011245808155147308,-0.011015325993621317,-0.011015325993621317,-0.01534071381209523,-0.039705419484454496,-0.023146070186478074,0.008118572234566246,-0.004573582962437817,-0.018362848177901347,-0.002801909057653984
2008-02,0.007445546452526708,0.01223229189025199,0.0019342479221517994,0.0007973014751638807,-0.017348979233973716,0.021443337783761063,0.013856744120270159,0.018228992495031848,-0.017002430440182015,0.017934687267742166,-0.025120157570450385,-0.01825710911931766,0.0277444996350793,0.00586326531331105,0.019045599562543813,-0.007697282037342101,-0.036667345391168005,-0.039077602388014165,-0.007147279999906164,-0.03487410214933817,-0.05514712153723367,-0.028044407907453883,-0.0321195140417464,-0.04364812002959784,-0.031808019156248646
2008-03,-0.040688769392359325,0.010900100443827165,0.025790814923500882,0.03220872133618968,0.020535136547623845,0.024368407697751726,-0.008058858564595095,-0.02253716520282456,0.0028243425532605837,0.023442918588632677,0.05501797139475473,0.009516795409703738,0.01831722125119084,-0.018567973920264103,-0.009629762927177432,0.058592028116593475,0.02758366432885828,0.024299209698579682,0.059615622865740736,0.08761933410412803,0.0770462751394887,0.10862668400473985,0.024636941987824734,0.12367988577804878,0.06473197285927568
2008-04,-0.11000385365202237,-0.06623234454016902,-0.00797725110254277,-0.05024892663811997,-0.03819638703311501,-0.03423606606506857,-0.03638291526715831,0.012873941177669046,0.02200564259762694,-0.008692041668766692,0.012132015773038463,-0.04907498842480895,-0.017444544158021325,-0.04054217529835935,0.009083517123569917,-0.08221086493308583,-0.03482646215553942,-0.008022706060155649,-0.0558084903021816,0.03889592106624806,-0.03731490149327277,-0.036841039290442135,-0.07234158487536535,0.07083466756757328,-0.0398497030995838
2008-05,-0.013113409612394489,0.0024147935146441313,0.002153870795636781,0.01583546936096636,0.008160163348183813,0.0036592344476307215,0.034688438483459594,0.025354644181551977,-0.003919241466420753,-0.002799501844917618,-0.006762455305315607,0.015480645661340331,0.03831718532795092,0.0027517482520935665,-0.033612089246200405,-0.025502130450970273,-0.05633113775752707,-0.06384970394352085,-0.03784396327922823,-0.04142459789875952,-0.002613743239825328,-0.052720093109331456,-0.02270877399901705,-0.038402134277454425,-0.024345083983698945
2008-06,0.030302485540301793,-0.042167992220116246,-0.012718323758806993,-0.023326889005640172,0.001176305653477261,-0.017205794757674253,-0.00735610103694484,0.00493749767798346,0.018612749524183014,-0.01371223998523008,-0.019876019634022857,-0.00508235101824106,-0.025792370222156413,0.030534403493866602,-0.011242071299514933,0.014513924773696951,0.017151765729374047,0.014260522732830738,0.01577575774271578,-0.04468113588441258,0.003240488501636607,-0.03537147257513695,0.02319766510149024,-0.04361834710248713,0.015234759511243867
2008-07,0.007223664250156636,0.020595292940618792,0.01527642486612546,0.031076316498357848,-0.00023996187160424398,0.013910460069598951,0.004374676973692315,0.018820312867479094,-0.011337036099760556,0.019731263697142065,-0.013173774431495033,0.011282722551786195,0.0010638774160061093,-0.014115360636505536,-0.00013584067492811158,-0.004836881817998906,-0.005665560395568869,-0.004954295251563656,-0.002557769908409502,0.028632504826444638,-0.027897780611036982,0.027778707261548297,-0.004165526882974113,0.0339274443469455,-0.014764718807097399
2008-08,-0.012789161739451993,0.047018567261913,-0.013059203105201589,0.004620191376332183,-0.011957701234703189,0.008864440210373248,-0.005926695659068337,-0.010463649486557869,0.003708337319487942,-0.0016432420338799991,-0.017798801543227327,-0.014716735773463774,-0.021473857827730036,-0.01600143233233786,0.001151783265539441,0.01699620257575396,0.05034819221061704,0.04898894570616075,0.017462935195954543,-0.002629046584426198,0.0040172235034166,0.011491215953692846,0.031958471435016955,-0.0039953825401124465,0.014344629326664471
2008-09,0.046098437773066214,0.018360855403077636,0.00602752735609835,-0.0087772430126557,0.003408345550608649,-0.03414400661782224,-0.01745263522290852,-0.004320780980912264,0.010181540252782506,-0.03336990689133423,0.004205923739843742,-0.00024095035093119055,0.0021446386792634,-0.007107114477977516,-0.031157436058657284,-0.008189641785219526,0.0022935220688622415,0.0018056336685472463,-0.0085499532472596,-0.012616085640998254,-0.03143105177874661,-0.008889222170726074,-0.030365951229733623,-0.017467686588593656,-0.03436019290381109
2008-10,0.030551159673082084,-0.005878073797729755,0.009583088266842399,0.021670103009985953,0.01808896604416188,-0.0026983953075881972,-0.0056184088347720484,-0.022909956013568933,0.007139794584416048,-0.00968578686275201,0.013073607874361182,-0.013113332681503942,-0.018157047562784245,-0.005141932149174022,0.0197962776065137,0.031391372342608026,0.04008725394019752,0.038617656952676604,0.026857040590707593,0.029945342046051815,0.026128013640061676,-0.010800288585525175,0.049355884420499985,0.03491928199883043,0.036496717806427936
2008-11,-0.02308744315722011,0.039934586596060306,0.04028636959847409,0.0064930687008082355,0.02279375647964077,0.008971075222158564,0.004060386232957569,0.002179420778583241,-0.004633428301753062,0.015456787494671831,0.0023625793688171193,-0.009061380308738376,-0.0035921388288618905,-0.013501733229625112,-0.017201531697331518,0.010952603302439634,0.01855225027721641,0.019963566100201557,0.015632138005840845,0.00453248093502534,-0.00773878720089527,0.019645870626613382,0.01182712996980495,0.03375945554313553,0.03768594898000033
2008-12,0.007034756402178655,-0.00390784831272184,0.00943364148295367,0.014746361139333697,0.01408192550149212,-0.011693192117282258,-0.001705239752381904,0.011557371703059482,0.001891947811207828,-0.007940341275669671,-0.004905367595861021,-0.02073787537587013,0.005582167422798934,0.0020333668229119972,-0.014125158445637664,-0.03169059004680086,-0.03578456866498214,-0.03633395552372143,-0.03383403399985363,-0.01208131248501687,0.0002777652597734104,-0.031311139609857985,0.024616918782881525,-0.029676147372566852,0.01732883236224514
2009-01,0.030317920225892303,0.028564858404070526,0.011688767911746556,-0.004521226401993483,-0.0007432469645974882,-0.00962176009352167,0.017646242941182333,0.018058337113291634,0.004803204090866098,-0.011269880072268812,-0.02332386482913207,0.0039055737347351016,0.011394464956887784,-0.013650024750416101,0.014424988436162467,-0.009999987949811717,-0.013153762727628915,-0.011859792371165856,-0.007843411195496475,-0.012622718869963245,0.002458079623660403,-0.002948519217318979,0.029713178843519428,0.009333593610315383,0.027895794978888055
2009-02,0.013793275704877539,0.04364746653011009,0.027234431438274642,0.02039463469227809,0.03417190531738057,0.018253449075428252,0.008826915151356918,-0.005664269383363618,-0.009193740278866658,0.01763488877049868,-0.019015566567889497,-0.016555716229601725,0.009522180181344542,-0.0003976438655052261,-0.015338358845730315,0.0008939919141071062,0.01940040035148982,0.02072885332928487,0.0017515502303206976,0.015664093005638646,0.0006029413059629452,-0.0017424421273084523,0.009838107970619125,0.00774531578027271,0.002882199805305241
2009-03,-0.010326348110355377,0.030638509326588403,0.026454804628798012,0.012573935747402842,0.009220842594139356,0.0012583500223386501,0.008545525702619239,0.0021783613385604195,0.0013284076891972862,0.00737484943260891,-0.05375828218254641,-0.014038457170188035,0.020985734499586517,-0.037608025167224945,0.022259999787675122,0.001912689186121197,0.050625670513088084,0.054518841185746014,0.005239676613603583,-0.019975795103454486,-0.0036485067776220736,-0.01463587225948193,0.015827391365464738,0.015572827578528292,0.027196712014239344
2009-04,-0.02691987686414188,0.020212838301906677,0.012075115088358901,-0.013586188645578146,-0.0011060783870664448,-0.0139151945459689,-0.0033097006932870654,-0.01277740260621374,0.024309956019392898,-0.01703693985936372,-0.007028755760609795,-0.0001879918295981664,0.06275125960639216,0.008565730636936442,-0.024923163988396335,-0.014720389917102561,-0.011928990862952071,-0.011440843059551287,-0.013644897084177043,-0.005482628850412619,-0.006063464833074628,-0.01823277105776777,0.0016765347318501433,0.021015159456206467,-0.004536556283128768
2009-05,-0.009809697205554024,0.02167693402452997,-0.003879855989684544,-0.0003892155336415737,-0.0029074398527160206,0.0021669847157275157,0.0031604344591411593,0.01305149745325207,0.005070203559338626,-0.008003497038169938,-0.0097327130703595,0.023033810998968063,-0.002731959927666061,-0.017170479873875877,-0.0001444708896024549,0.015201936201299393,0.021435097656242075,0.023039461481840107,0.016688499476168683,0.003561508771749544,-0.019823991073550484,0.011526940985690626,-0.018833617930216096,0.014166520208287237,-0.011755205985720552
2009-06,0.0018578708281371537,0.00794354654287055,-0.007293876027843815,-0.028086559961641444,-0.005093653731493064,-0.02899015624173784,-0.024684452960029857,0.019066203229801237,0.037864507672578096,-0.033904541726267334,-0.037611353201314146,0.02536658842883832,0.01130153775066245,-0.0487846187853872,-0.04563603059103083,-0.003484605226154236,0.015901842554147505,0.01799817707877649,0.0035482656882535046,-0.009673419066120847,-0.043651974374114055,0.003395903575956538,0.01899391623182356,0.01434213766900494,0.037074692359435835
2009-07,-0.002933192602624146,0.16137808189583458,0.09604727385077494,0.056694471475392305,0.0974477791856787,0.005845722347125326,0.057288353222829214,0.0004309168113230122,-0.014979831802192867,-0.004379800623203978,-0.03539983311422257,0.012246820995801988,0.05014834284677128,-0.0496406381829837,-0.04776528660655244,0.07613647789517186,0.0479826458585737,0.052448391445508724,0.07689116755664815,0.0066119915484779135,-0.0615803905604142,0.03567134239699543,0.04609579045149692,0.10107799209111579,0.022062610568804653
2009-08,-0.037007422904283716,-0.03249044212658103,-0.07814198515212734,0.008485271984131959,-0.06368863097865873,-0.004527918776067175,-0.023062616321833262,-0.0008888620379873258,-0.01513431087882633,0.005033005397092838,0.039779730570269844,0.01269976528682637,-0.046406003024199394,0.07026928975991842,0.030943165893133173,-0.00960079728816865,-0.045173144250946096,-0.05086979333211317,-0.015843482032459222,-0.011213895242494498,0.08612592731119917,-0.04158692546955978,-0.04877617766647757,-0.11542374831381641,-0.017497550212511315
2009-09,0.03009851944552855,0.008735512344873797,-0.05297264550033187,-0.029723202428115103,-0.04428837107405703,-0.014893698014297962,-0.014302962189902346,-0.01683265997984762,0.019102463258466873,-0.014079335378561875,-0.0003643806158842855,-0.0008789431432769668,0.019157734358535183,-0.02631241131362383,-0.04564478097887792,0.02502967635411002,0.004268256349594601,0.004899722014476637,0.025214563309875482,0.0013339222311734567,0.02295906573414186,-0.012129234353950191,0.03490361596182079,-0.02103415098753847,0.007431416091854937
2009-10,-0.011308346828363902,0.049688725747621065,-0.003028881521466853,-0.011054085025488547,-0.008119308304055606,0.0008508905768083164,7.0520080404090635e-06,-0.0012786123513288672,-0.0017358877383435445,0.006966194595081188,-0.014517874647158702,0.015303397354905934,0.0324444160619497,-0.005537806879004847,-0.03734800265137905,0.00806181465803113,0.012523885708241922,0.014633367428199984,0.010472212663878766,-0.022578539429508604,0.001929044879531716,-0.008447894057755145,0.010627064062477709,-0.013172942655878761,0.015498434586664223
2009-11,0.0016589257070536156,0.053310716762208665,0.02301520055736006,-0.010777685240794699,0.013404782159447182,-0.029227623023096116,-0.030251746880639474,0.007838726115620531,0.03550397035256747,-0.011768798607533881,0.004092795377069525,-0.03436888977318808,0.031102742199464517,-0.03369629687895548,-0.04517037002580271,-0.04268434915691521,-0.017096582174464303,-0.015509746169928507,-0.03988933841955977,0.004905186362474501,-0.03246480432559784,-0.010120401470146256,-0.013989612964895648,-0.0020568974783217175,-0.013137027770699139
2009-12,0.025836083882998295,0.02017607844559066,0.0028558092136319324,0.021143315088391956,0.0028114151473606075,0.000362524212413895,-0.008782286715867227,-0.014676970740836848,-0.021222399277976756,0.006547951536687968,0.013042367192370063,-0.02951634969952488,-0.014398133066719776,-0.0062030609027783346,0.027631303101521176,-0.0379454659043742,0.007509862429865954,0.00753717286940403,-0.03886089587292241,-0.038849355244687356,-0.04661026047425598,0.027720646154542283,-0.04728412602193088,-0.06966840029874477,-0.04799871061354988
2010-01,0.031053504412025035,-0.023164164759725825,0.012245228012475406,0.011621458401133378,0.006430942202508838,-0.01726253294170832,-0.014149439176173284,0.019160416630382926,-0.015344742752518847,0.005834801447905269,-0.03008236084803817,-0.05741856534323864,-0.023066289451243338,-0.0078210444382113,0.01451409520971847,-0.02475345177399857,-0.018280136075311426,-0.01997034563848399,-0.02902834232566376,0.010258094725378974,-0.04360391473760994,0.0023104731013081636,-0.04017414336938718,-0.03752933692300697,-0.048086099598993126
2010-02,0.006124575192782977,0.045890487293871685,0.005333639038121785,0.0014344744176784108,-0.0013597335030973712,-0.0025652681163319535,-0.0053713909623557266,-0.008273675045205486,0.0044382139497098905,0.003998072654189944,0.014437259881120657,0.002012725406006277,0.022944108372096705,0.0005559775475574291,-0.00031073973132234034,-0.02199172938369187,0.008417293349695543,0.009480352389013902,-0.02097859639866706,-0.003945088473863434,-0.005837096486770443,-0.005513453733447693,0.0007398949519292763,0.006947058414792595,0.01582908723582288
2010-03,0.009247644330973692,0.014050334835573608,-0.02726624963500912,-0.0006776105923140818,-0.018090979372265115,0.01950278186951704,0.01680376856794541,0.0066185521346520115,-0.015063751031926365,0.014266939713356575,-0.014685009780518121,0.025460908700002838,0.002771765655534608,0.004866065817283216,-0.00667151032831903,0.0027311474172386774,0.044470543911941496,0.04591868178312408,0.0033675989560189024,-0.0004003617409300553,0.023113656634369262,-0.005347140280398066,0.025409675744689775,0.03342776307717821,0.02887410990039574
2010-04,0.009830133682870779,-0.061534625738891235,-0.006655862167960325,0.044728720712881476,0.01940383033576243,0.02867606662424116,0.01857050512165981,-0.00356071982551065,-0.022561335293772133,0.024981487645697298,0.022074288093617778,0.013188553006058257,-0.04112163077383113,0.03170888409274619,0.036331454092619175,-0.011783885886091028,-0.08928130088643604,-0.09367643934288084,-0.013887445625092254,0.012824874591613522,0.022498705404832453,-0.05731046124095074,-0.06382177662438293,-0.08663421211070488,-0.06632044051962582
2010-05,0.005174165102693973,-0.013876065849708574,-0.006651218726358099,-0.0035335406969643213,-0.003564890924869113,0.01656586020587225,-0.006059259002846207,-0.002553685898896374,0.004405733545963075,0.00032802701130374423,0.03155638302637276,-0.0010594228363516311,-0.019629314814857857,0.03956453985562369,0.0033091936223197393,0.012630886627821303,-0.021447699900194794,-0.02352546796283317,0.010637629979976415,2.725995758723343e-05,0.04355577050667003,0.0033647522102253635,0.023057113751069336,-0.006159355837262903,0.01979480380073384
2010-06,0.01800587009103194,-0.02916722175675468,-0.02689407880793071,-0.0343046754737214,-0.02147531800911584,0.02042555802368362,-0.0014216392631638541,-0.0023997475258528134,-0.009508480519573315,0.01854190870854655,-0.00012223311794601344,-0.005938579446627679,-0.013705254019648727,0.009282007001611525,0.010990572747844318,-0.011083546244893494,-0.009266716155913679,-0.010528228724624222,-0.01261767637986122,0.009733261609468968,0.0034979982605982674,-0.0059101411592547,0.0011555053440166496,0.002421980644685462,0.0007295035349086376
2010-07,0.02839122112057768,0.05326413926386908,-0.004068764081055276,-0.001758035602333896,-0.010472443416625898,-0.031093680799148316,-0.006209499717961697,0.014078440242351276,0.025094206693473176,-0.02027032525769501,-0.005364408589180525,-0.027356575610130496,0.04037565333436022,-0.026643405866452752,-0.0238424864839043,-0.00867510461967691,-0.009293284627029497,-0.006804106103131202,-0.006016185448685096,-0.013475913344488943,-0.024227888736683467,-0.020785776102280384,-0.01848887144944167,-0.014223315789725577,-0.011772089655937457
2010-08,0.03847915025931248,0.0404746386696786,-0.0022922072647770797,0.001934117680601144,-0.005215972512113032,-0.02134985617459173,-0.029007783399398024,0.010017290786508593,0.03022995703734299,-0.011969132959124273,0.0020139363140314614,0.005299130680917141,-0.017092091537731835,0.0023367494198414107,-0.015156072913636298,-0.007577035542745358,-0.016793484965137107,-0.01661927742063196,-0.00597724255503107,-0.004956575171119582,0.025655194647865587,0.014363134927866561,-0.0073299327288931515,-0.012144185053865608,-0.005340852550672737
2010-09,0.0040657652010405165,0.012889497302294162,-0.01728989871047537,0.01514991238880703,-0.011418116797165312,0.0070266211194840444,0.014222793715304327,0.002537925403161001,-0.006785544156734491,0.00723132777180191,0.007150726622761949,-0.027607731641529965,-0.006670968110941478,0.02197827268496999,0.03207574693470483,-0.0545579331697823,-0.022947813331082645,-0.023095964358662457,-0.05132045836932386,0.026432594713237112,-0.031123668730128617,-0.035675210034254445,-0.025759136631766877,-0.01804291209901132,-0.022765703541652638
2010-10,-0.01915142599645414,0.06881446869880348,-0.04336703744783299,-0.02901858548607461,-0.05587790315736563,-0.012085231101870764,0.0064052672555081624,-0.0008686817970164906,0.019509025031587468,-0.017897297616636276,0.05113171335783906,-0.004868591666774669,0.008346881677793405,-0.0171479374495892,0.0002270142348113069,-0.015964981450763305,-0.017518692910567957,-0.01393965889968063,-0.014439670818388706,0.04140385597581964,-0.0525671216096133,-0.07186355756205376,-0.021446405930222734,-0.04405255978610034,-0.0004301180179645536
2010-11,0.009913969647868726,-0.015228173453264882,-0.006692458242406718,0.03104356807374198,-0.016686031120929035,-0.0183975361897023,-0.02587894619453346,0.016045559919392716,0.010209605920554754,-0.010139595443539151,-0.004671230680347582,0.04106519612397852,-0.016721911238105513,0.022837736254828434,-0.04696540774132618,-0.004629602164608171,0.0042233209448505615,0.002135581077818305,-0.012737779774706692,0.014709910904424195,0.009112160283196724,0.040776439772688855,0.004049081835207691,0.05306540822561767,-0.009623094420448952
2010-12,0.05823243767978736,-0.01024311251481913,-0.049735432989289285,-0.024920836238898847,-0.05934281026650623,-0.002303225779251905,0.005351224509279717,-0.010458842708494398,0.005519974598918953,-0.01461939044207139,0.003414204782164365,0.017163914826240356,-0.00661205920322161,-0.005251401601679806,0.0005770414602384033,0.010577944796447358,-0.015689928376360074,-0.015703664900385106,0.010660996191051542,-0.02427253947627972,0.0009675417860943725,-0.02340939742181225,0.007659509009726673,-0.032995606218640394,-0.014102614992552942
2011-01,0.06749510106508838,-0.010837434896716736,0.01394882764238381,0.021614098406357973,0.027444810484282822,0.01195462917317247,0.021021344082480242,0.005120449617841416,-0.014572639923690733,0.011852681188000647,0.05608317399530249,0.002249910941758193,-0.02785526209841771,-0.0014424511058108713,0.00033824690763784027,0.030544861591067063,0.01460198972297877,0.0143220315668946,0.02964182225522749,0.04304715363864031,0.007652370042395162,0.031688602188713055,-0.0016347859728873537,0.033771067287764245,-0.010395143262913353
2011-02,0.05994355516725847,0.0524002915686923,-0.01451348022776866,-0.005727231716793235,-0.009292067614096622,-0.0176571637324775,-0.013885905618615135,-0.00628904267693875,0.0002464310611809406,-0.012235820537839115,-0.020787160600430066,-0.0032142701321868916,0.03344087831249509,0.01222426825383427,-0.027743789788810203,-0.04040074157315077,0.011337730721607597,0.013155692362540883,-0.03902647898914058,-0.012399197878863566,-0.04617068670474056,-0.028373523514227728,-0.012940108260684702,-0.031206254384314125,-0.01265168783781112
2011-03,0.0640943432668819,0.0032723126397360414,-0.03956871505767723,-0.05164155899213374,-0.04154547179548429,-0.005284518337524302,-0.007256240735885933,0.02474225863246482,0.02085098981864375,-0.00938582880213612,0.013221815805405157,-0.02071362523731246,0.017645304728736155,-0.055874547359402005,0.022104472005679554,0.06317223906178637,-0.024171618336764955,-0.025010464300153634,0.06254727637783342,-0.02337769891428565,0.008715526791294836,-0.010856572664188047,0.04948045834762027,-0.029132562017753383,0.061949415799182894
2011-04,0.010790762067475201,0.0025640552259871274,-0.0285753507120724,-0.012840082057108848,-0.019230318899689403,0.011317467239053913,0.01614862987453125,-0.02050485421208237,0.01181983938908937,0.008007488084683212,-0.0013210313183283917,0.03656393514189027,-0.02890169590530245,-0.01348532977527217,0.014662012862809881,0.005996888944506118,-0.006714518843545569,-0.007294143354896199,0.005474427758952682,-0.03408966417090664,-0.0030325082060771447,0.0031269661620145772,-0.02399546978749323,-0.0014175198696348978,-0.00965240420279534
2011-05,-0.007307965508934422,-0.04130577120239465,-0.011770397658443787,-0.02712421626299688,-0.006638782187152414,-0.01110948894930619,-0.017080418199345804,-0.0025550789232692273,0.005505997530246498,-0.01599666326163207,0.004888239174722031,-0.001519080677057194,-0.022958054170584052,0.013186197920347142,-0.017661557266152705,0.0004959021175541256,-0.015654252735151863,-0.01582214614374955,0.008507340760832927,0.0030849494253684107,0.028539539942446623,0.007717796700920765,0.016002462319500754,0.004008146923740741,0.0027576958011494845
2011-06,0.04473893439927368,-0.008793393607681721,-0.016919518270514966,-0.02110394286351369,-0.023115575430056268,-0.027344525994006053,-0.020907732844699156,0.01083969475457236,0.03035923492982917,-0.021097450759903325,0.024707637970057483,-0.038554189532219896,-0.011795600903162451,0.01250514714362394,0.030928506741406236,0.003415376839370987,-0.006141724228626022,-0.004181744034459478,0.003919557104723026,-0.003605199806178905,0.0066214213259652155,-0.004806547079891144,0.007721836992289566,-0.008657365798812267,0.024152542348479633
2011-07,-0.009040123716631654,0.01197735199249128,0.005885502099602924,0.013237527810075367,0.0054416349337662595,-0.0060575888044486215,0.0020473572426191744,-0.0271461972031255,-0.019514014240622934,0.00027181021388589244,-0.008740907920271823,0.025514883700094693,0.010428449196058232,0.00876149524611236,0.010965079187911675,-0.002508151351129806,0.004390800942474238,-0.0014931339284987022,-0.0022495727012955546,0.030480621310887912,0.008888453079803016,0.028080827384893814,0.027662322748235324,0.012252723295863355,0.00693183030988509
2011-08,-0.01242747095605723,-0.03339141853298799,-0.03364714657181633,-0.029004622963676008,-0.02473702241585951,0.0047980886413483415,-0.00487323141456375,-0.008209526360963837,-0.011041811019655623,0.004462152667396024,-0.011500998863869905,-0.018375353199628686,0.005296652461725948,-0.005306658015664989,-0.01169936711207642,0.0004964452916218498,-0.016352853075428997,-0.017283837828069193,-0.0011003005908487573,-0.010649204608180862,0.00926464295212992,-0.0003344833685716697,0.011811975561483168,-0.0007388679080855276,0.01411165394299907
2011-09,-0.04156858338841918,-0.03577379335832831,0.045292868433385314,0.03277541621413027,0.055363716423495246,0.043538824939916454,0.022790078200709107,-0.024135555525987118,-0.03912655179376112,0.017558547949875436,0.024106632250456395,0.01609440093241421,-0.03625889917292624,0.03220780754865493,0.020308835914322643,0.01581632400855293,0.027105592475976215,0.027738861972611772,0.012649610826395596,0.0024678722388480345,0.019813209539845555,0.024034830543638197,-0.016748293683711668,0.013534985036808056,-0.012035689872155197
2011-10,0.028965366133996584,0.004569513428877681,0.010868266089104184,0.010543002270081425,-0.0013233295192763839,-0.0016887426275090656,-0.00281681119437327,0.002800820023240558,0.010941409438604444,-0.0051638386526016156,-0.03178907904949624,-0.004047739807119477,0.006234248944818388,-0.02025644031849383,-0.008579283306793473,0.008083373009077022,0.015546174905540777,0.016193806161833857,0.008682755044890023,-0.01600054692275632,0.004131400429205678,-0.013043063792073872,0.0032343299054709007,-0.005805983676921311,0.008822339763651321
2011-11,0.014991572736325454,-0.016267899893435356,-0.014313389884410554,-0.002712415814620006,-0.003754066080660534,-0.02002130291774573,-0.016155275375213107,-0.016670542861650706,-0.004564164683582228,-0.021472293181385327,0.018767482055614737,-6.998319365125738e-06,-0.026194426679976845,0.010827177480002392,0.013417746935637576,-0.016337753945736444,-0.017327526688483474,-0.01893637640472523,-0.01765057193927355,-0.02363414716988954,0.00931819508508358,0.005258331455326726,-0.025883701456602792,-0.01247223473811332,-0.022221987126571308
2011-12,-0.012373680172603985,-0.0611292080994571,-0.011033824300334838,-0.041399364259983806,-0.018898459676759183,0.03218592965994449,0.016537431294270988,-0.0069944717900770614,0.013616666133119182,0.03532784283444701,0.02682678282108042,0.0032520687654589153,0.0033342447608164516,-0.023829835674513022,0.008830981995546994,0.0366769735369592,0.004828877330793624,0.0031520019840962643,0.034760570150323966,0.0032544021440814586,0.02342779244211468,0.014483335099435557,0.026659071996220973,0.003997557709317645,0.013403007607612594
2012-01,0.025584413551387408,0.02681293193482559,-0.012272718468643307,-0.0005924426890847601,-0.017851757780720234,0.01953110816177639,0.02312117144820869,0.0037389770458848837,0.002284277491564124,0.01825902227453846,-0.018099751786504914,0.004493877214841513,0.005271485844465351,-0.010656475491801487,-0.004158953249691177,-0.0032983610732221225,-0.0013335886716238088,-0.0007271669912817247,-0.002272557072062975,-0.003494986403036804,-0.013957063686149906,0.002435007411861534,-0.002040110733106948,0.014843033790195914,0.007855417836571288
2012-02,0.04881386954402278,0.023318766380569178,-0.0026354404123256625,0.012178718579657133,-0.00998702774642013,-0.020030217920625648,-0.0135923721077299,0.005732484062555221,0.0052463393260373525,-0.016611739677725557,0.011801117082686163,-0.009176536851572048,0.003554856949670615,-0.006026507229652811,-0.008797130548951593,-0.0015669189481969381,0.0012110346299403218,0.002882549853625571,8.233767201581976e-05,-0.022485776680562064,-0.021000276441230592,-0.021058380743515626,-0.011094321244188743,-0.004067784086293491,0.0005495351720046227
2012-03,-0.015754056592195753,-0.0338727326849978,-0.015790930195105246,-0.02139871410129557,-0.00972309459047016,0.01331982830747247,-0.008686757691881097,-0.021017333492427848,0.010672102959921492,0.0064459198210482516,0.024526930363242716,-0.012422440893789966,0.002665884712818034,0.007651160883164421,0.011368609947274955,-0.0008502165417446639,-0.002663665225492884,-0.003909972876160128,-0.001986127821423489,-0.006876791278997985,0.0060481090448936126,0.005994953430931371,0.023480306780042426,0.002267609702541362,0.006140465587802346
2012-04,0.04270169005988622,0.04374266344359001,0.002679118459873564,-0.005256537551062146,-0.005086891471245081,0.016122429509933367,-0.0021168296290066113,-0.008301547196318149,0.007983154190251307,0.012228412548054068,-0.0012764838886074603,0.005842726903888984,-0.004578404960291493,-0.0010503460665265418,-0.0071289522843566155,0.03452260250128081,0.008098629743410246,0.009604798589269992,0.035852150235434754,0.0037333313188212536,-0.0013557885248354218,-0.007649585444901019,0.011621819255478893,0.004198702191752446,0.016759076085448354
2012-05,0.025240666346541873,0.020451480235550434,-0.002894474217318921,-0.004663887868975425,-0.006197047968781733,-0.014228793054338884,-0.029109671867448728,-0.011692550991854511,0.022076195201923943,-0.013500839859449165,-0.021283774182204396,-0.010773664438452069,0.00793250730678774,-0.027421492435260042,0.01228048924477454,-0.00654290298839022,0.008922939128947371,0.008970438761824129,-0.005715332216013835,-0.010295038094187303,0.005048743305252401,-0.012865346332232352,0.005732828232991816,-0.007983935228682904,-0.020738232913553922
2012-06,-0.011529034417868123,-0.041882167355833055,-0.004223636555064636,-0.029319567114461376,-0.008357401205696391,-0.012771377398724026,-0.0022746348444090403,0.00301260760480071,0.003520957367661781,-0.015057790633927537,-0.028505342384726906,-0.043649862957166774,0.012225916691308791,0.0290951620284845,0.011531865688546139,0.013940977445271674,-0.01618506735471148,-0.01808959149336742,0.012183696291145019,0.016863374646066687,0.04999219949982936,0.0180322750221642,-0.008506150931487433,0.016617430423785606,-0.012164834194306473
2012-07,-0.0367874582176374,-0.03850571754798293,-0.010035546236201287,-0.02211920550051294,-0.006710621053010457,-0.015638598436255036,-0.004751628236354444,0.007966230849526523,0.010791577875418401,-0.016848609731065056,-0.018533369136582545,-0.001701163659272531,-0.017184488876332726,0.018074861361232264,0.003436987309772377,-0.016803824140040224,-0.03783784427743753,-0.03961886490695388,-0.0181611053767472,-0.006344996422665172,-0.0019484218098413386,0.003387620024200899,0.005748704664553683,-0.004213232612440776,0.004445955575003602
2012-08,-0.04196378574154003,-0.041119534866716934,0.013629494346935056,0.009530364218789389,0.020672296651228494,0.002323497580523748,-0.005437115810484228,-0.0027470579308720433,-0.010894899003710434,0.006491582695918208,0.0077116709232114555,-0.008492619432438953,0.011706138416509804,0.017222750884001936,0.0051042623434063294,-0.006664348842582046,-0.0033871927932837,-0.0019178979832304988,-0.007488006418723825,0.0010747411202989277,0.01319547103494978,0.008846307309288814,-0.01662484628687655,0.0016361483129172516,0.0067568417482353205
2012-09,0.07034122506415996,0.023595540051321695,-0.03301984302859684,-0.04078304728839588,-0.029682856935857926,-0.008522593689317182,-0.0017946240143611458,0.01006179603958035,0.014970823497566288,-0.006525700068873874,-0.01727143477672599,0.019223793576393255,0.002291031265914789,0.022165412916326233,0.013582789190333733,-0.006259974465573359,-0.0074379287013840445,-0.007264271709464087,-0.005265917003090093,-0.01640156660000458,-0.0138769298451914,-0.02583798755953981,-0.0029762832767277203,-0.025481184239188215,-0.0028362405392805545
2012-10,-0.006151478743288807,-0.005825640799068221,0.0017640842740891394,-0.0012754470154378028,0.005602716326781554,0.0026337270176317595,0.005606583178096258,0.002514607381134182,-0.012692749941627057,-0.006602052220199828,0.008740985989927452,-0.036278040135055756,0.0018339870877019937,0.009737942884386008,-0.00920933983014105,-0.005561601469835087,-0.019639785966529044,-0.019415785131309593,-0.006785659296939861,-0.0030810957773667047,0.015632804502018427,0.007741811335069793,0.0055864671981136205,0.02591684071138456,0.012889989281598124
2012-11,-0.005925438529231997,-0.004190862893256986,-0.009295213973659955,-0.00050680683129678,-0.0011357485093224096,-0.008661281657616926,0.016779047707848216,-0.011615288209671948,-0.012043422784194235,-0.014003930490302352,-0.0014863997091073555,-0.006488234252377656,-0.004437226934357663,0.014817327773222422,0.012662187184392382,0.018137208399275684,0.011580599604162467,0.008975987323142753,0.016290246513446016,0.00829600263803254,-0.00330100840428571,0.014015353550763887,-0.005110502342602352,0.0199882214067304,-0.01152386445253284
2012-12,0.08792443250527837,0.0936622887000822,-0.04863443723051375,-0.01327566202394237,-0.049160414808967934,-0.023246090196912927,-0.023961248657898282,-0.022883690616741337,0.02889333888448764,-0.020611930153320523,0.004551288315727708,-0.05499135588346593,-0.006975019225372803,-0.0465810683038379,-0.06003866441383632,0.024382395734128037,-0.0143312856533232,-0.011752610298708333,0.027931286140842948,0.0009614383142007021,-0.017810440170009878,-0.0061436838883819345,-0.008517312550692213,0.008771898168529857,0.006171448638409016
2013-01,0.014230644454729324,0.051453303042383824,-0.029536188225204207,0.0007653412033357121,-0.01613176781269532,-0.016683529627828153,-0.0057965895339429085,-0.009405237428556035,0.002575362550435445,-0.028557675814477546,0.02185010377032537,-0.027868430179418868,0.008887175291881988,0.002150461638750656,-0.038014468083409914,-0.009392578678053654,-0.02309395980569695,-0.018959503544113576,-0.008013015145067026,-0.022781981682825525,-0.013719067602368407,-0.024409797918171328,-0.0042323748569342845,-0.02288120090767587,0.001977601359302472
2013-02,0.003634055684351045,-0.0015509033169845976,-0.009934894372472747,-0.011721254525833724,-0.011410014152051229,0.004679319890173117,-0.011086780158994558,0.0056315326935234555,0.002193230106371624,0.0042220210155474724,-0.0029508258858921277,-0.004975390672962154,-0.0020617778350340288,0.005842047213419077,-0.003095313115911713,-0.007975518896019884,-0.011874627978642027,-0.011783065712904106,-0.007775902920351685,0.0037041764375573827,0.019424583200701617,0.0019177323722314732,0.018951697968755177,-0.0031889941705344205,0.01716326185560768
2013-03,-0.02196987527014238,-0.04712201488938139,0.0012008975385848775,-0.015612925413552303,0.00988998330579638,0.009443396564502882,-0.0168459760736418,0.0013282696899203916,-0.027610143219503835,0.013242415862612322,-0.0045497084578384195,0.031070271979759534,-0.00200627785803964,0.03916206603630301,0.03517450762288399,-0.022926221530963464,-0.00014119897234510237,-0.002012095479316911,-0.024252955297079715,0.019113730551453267,0.04074943254180452,0.0015733653026475114,0.015242576231257576,0.010567659462119128,0.013305649358287042
2013-04,0.01219085499957151,-0.004182887762573806,0.01649542085683331,0.013740763808921308,0.012178303425381953,-0.005854397961707836,0.003962276554528632,-0.010740204801271358,0.02118218347158085,-0.011418012866971639,-0.003387477165064934,-0.016857041625001568,-0.0066867153226923826,0.016541997248035845,-0.002944415595004024,0.003404976768284662,-0.019475358242319274,-0.02041138268301501,0.0028090664136515286,-0.0050437140258811075,0.011735399123618206,0.00870511806944374,0.0013762856753900543,0.010087000136528523,0.015376673122503348
2013-05,0.030413576644295226,0.08446097947492692,-0.018513468291001534,-0.008349124563998833,-0.0164392153336006,-0.05338877972791334,-0.038825219149085766,0.015885061093920072,0.01199220736572948,-0.037165739687939015,-0.010912121839755873,-0.008906654117374457,-0.001004888799468584,-0.02184889793701017,-0.02090495137012438,0.011456230810241719,-0.059106630267947935,-0.058131721490003896,0.013461773463778526,-0.03809697030381631,-0.03257971591924136,-0.03094095171840039,-0.01125161306271727,-0.0353102231672876,0.008535568166703422
2013-06,-0.08622367372425455,-0.11428019340137441,-0.010995272670989653,-0.020991452607535543,-0.003545639577184234,0.00729215037884301,0.02495998362729579,0.024734630457279305,-0.015798906335338092,0.0018565178922012038,-0.012217802254854915,0.047967176392688105,-0.0007476600728612004,0.003183851193980569,0.0296615157775193,-0.0076811817081872125,0.04984755918689121,0.043662654027896375,-0.011793562757923537,0.018279500062838627,0.0009629797353571945,0.02811936068124843,-0.012849881715141676,0.01037596320183698,-0.02587555357640514
2013-07,0.06608546726843012,0.005976913783562132,0.0441439325969315,0.04077113598210258,0.03244555023790885,0.0038152495645016327,0.003983140993841117,-0.00016472863622774003,-0.02089718487364034,0.016776950229723253,-0.003968768532429778,0.005584134083060688,0.002245132196536659,0.01062254190373535,-0.00278884304321958,0.008145279741852418,-0.0019062639363226497,-0.002085097666175817,0.008328217429877549,-0.002371509972685093,-0.028067618103515324,-0.0051586479412325525,-0.008654726135364665,-0.003741553962166355,-0.014733669173695563
2013-08,0.0365878453061208,0.05766495216559342,-0.023091703710804046,-0.022596273182211468,-0.023206779469628458,-0.0204483045184215,-0.006077626334678121,0.005083354621751912,0.0009545868539404534,-0.021541015682961517,-0.010960051796033876,-0.0064604601253732685,-0.0009517421031036699,0.0004456234270482362,0.008384326318256141,-0.0038956455792776845,-0.019148043755189414,-0.018469739596311596,-0.0022403270052318014,-0.015650492936081672,-0.012645753441244967,-0.013740865923907108,-0.0034944599808426346,-0.012301089632223206,7.912489508044018e-05
2013-09,0.0661490166751042,0.0010709214151816138,0.002902502900592685,-0.02141030680864553,-0.002371159453263272,-0.015615955450171248,0.03746560741778571,0.008766466139976448,-0.0028689669147415886,-0.010480602518637028,-0.013651766059275205,0.03602547091624664,-0.0024032010172005958,0.0017617181674141058,-0.026065423696455814,-0.012964654337593973,-0.01301492922915437,-0.012542466083787507,-0.012468619007170112,0.013507990406540937,-0.04537655971820154,0.001551629468968807,-0.002026872441475147,0.00529789243638068,-0.012210905300729213
2013-10,0.027739720582090177,0.014609194289392669,0.007880967684741114,0.007856796427463397,0.008051362016517905,0.008448176135723351,0.014509081129645995,-0.0009461398783299213,-0.0045640013678529545,0.008983549083423137,0.002605603548767599,0.02255475294021303,-0.0016920050509406925,0.0034063512694029185,-0.007790351594034517,-0.011345044619581857,-0.0044336725631239915,-0.004113645117633236,-0.011333810861201665,0.023827360209433657,-0.0005011791788216424,0.007200080417115284,-0.008500821417347315,0.009581169896559105,-0.007537146055295096
2013-11,0.03137735166820388,0.02615871950596471,-0.0018960577382275412,-0.0012247011971021626,-0.001601930888943115,-0.019416466572273694,-0.0066143720352169755,0.00844323676037706,-0.0047253567790198625,-0.009312904423776303,-0.016364700381034547,0.017659110058249272,0.0031332681979432397,-0.0063914984646918915,-0.027468944410740326,-0.0012361010812109718,-0.0007379268852258924,0.0019073728079463947,4.549209044357738e-05,0.015280285671949834,0.005163343487099681,-0.007374629827554879,0.005150297363467615,0.004008658533002807,0.005548881739167788
2013-12,-0.025546439990357772,-0.024061674322765958,-0.011751598418897169,-0.01630813782004259,-0.00720375868175871,0.002009345635702653,-0.002386876380100267,-0.0037941762620535835,0.0020052069805316375,-0.0001254200471115796,-0.0037969221886061666,0.019455072713937982,-0.002475324445093019,0.0131733910354217,0.009266196488324052,-0.013277740051334752,0.0022726429354462674,0.002815835991128557,-0.014387295810682876,-0.009195471880363626,0.016797659697241007,5.543876926195068e-06,0.016319019837425897,-0.009073434630031074,0.011419724262575759
2014-01,-0.021368354894774955,-0.02122845491970249,0.012755635397690313,0.028677626732668937,0.03014721533481657,0.01345426691662932,-0.008801003814053576,0.008365392543139727,-0.0035189321314331723,0.01989301093751883,0.01339482056193031,0.018696083057390123,0.00660715311385629,-0.001160608870477975,-0.0013673619635243828,-0.0013143287930090786,0.0037831335460425386,0.0034423324521006826,-0.0024611288218548966,-0.0003813638143022047,0.0026576219828500225,0.008295791952818155,0.0030258539157654862,-0.016821093765415518,-0.005544376987506983
2014-02,0.03444431782325319,-0.011082603000013735,0.04017127463455261,0.045809541158382316,0.051371484845426085,0.023973016353055154,0.01961604349046331,0.019302436909746312,-0.026620182202103493,0.01979940410999781,0.022966535754446182,0.005125709184192528,-0.019599326109104864,0.008420746476176522,-0.001104043842660607,0.018216805074573017,0.018542132836809833,0.018550809112954703,0.017772407227459208,0.0016419034909369579,0.007958279419894687,-0.005920478173389143,-0.0019265218131764295,-0.016632160532737528,-0.0068202964687859025
2014-03,0.023047076132728606,0.01484400442688072,-0.01586480014787428,-0.005597449630477813,-0.03187848186612685,0.021189043004543384,-0.0160989604320253,-0.0176378755644645,-0.0061554341145787506,0.010265583580354232,-0.006434381295358116,-0.02623321534188494,0.02032789743453134,0.006236780765711769,0.009054499619847167,0.006935225535382505,-0.02750805843188453,-0.027879939773870932,0.005923579183206629,-0.014672961081132141,0.01970679737120351,-0.0005999692090260522,0.005432050952560941,0.01007648408380235,-0.0015701429647880794
2014-04,0.002037023923304959,-0.006144043216503081,-0.005647393229617492,-0.02658601168531549,-0.010846602385710336,-0.01256850395079634,-0.025005697591582443,-0.015861872019873102,0.01683995935905469,-0.014665856936652122,0.017873601876005507,-0.006680757861555531,-0.008111430082209936,-0.0025405314231852216,0.009776478861089899,-0.020810536620828435,0.0021474798410008322,0.002220484804005496,-0.020455097104494335,0.002630143057730683,-0.003605340629588172,0.0032806355780792273,0.02066241612316788,0.0012489843544678525,0.014911159481859837
2014-05,-0.0051612490280414924,-0.004477167756561484,0.009100729469135427,0.02861880079824619,0.021286839733274387,0.006257170331139816,0.008781338020566798,0.0006644192746427802,-0.010402914486838943,0.017185976140983383,-0.005378975202116831,0.011855120587426438,0.007902480453796379,-0.0011614613276764718,-0.00026795158904147076,-0.01184054082649122,-0.00947979715575531,-0.008798649029553407,-0.011535366123644919,0.002729281801890693,-0.0034272232544192427,-0.006316954362805216,0.00035787165143608135,0.0013119055909978083,-0.005667188341883844
2014-06,0.0150070509001341,0.006523230542849978,-0.011432267032927323,-0.0046366272677828,-0.016311239925316467,-0.004160421599994968,-0.011015201340331848,0.009972861743366535,0.016160116179557704,-0.009777677822264907,-0.008608993320007308,-0.002359296162432689,0.007304830173276322,0.018065715599396404,-0.003923331002832486,0.007089148624694452,-0.018415652635438096,-0.019006336048693173,0.007283005699059819,-0.006678127595450056,0.0022993249356209056,-0.004727984644827932,0.004971596828707847,-0.005656180383159959,0.005867768694033382
2014-07,0.06391501331608818,0.029860185330188527,-0.030905223355971234,-0.019090039575243245,-0.030138093843103286,-0.0192396483827717,-0.017585722619066213,-0.014229842690071992,0.015307667526932356,-0.011884407474945013,0.009396305561017115,-0.027429769234566748,0.018800174967175565,0.0007056118821089363,-0.013877204942909782,-0.008514317868045462,-0.020763068950848784,-0.01963120229411619,-0.00622076578354247,-0.006573715885882403,-0.01376034170435314,-0.01013561562641696,0.0047464219708193145,-0.012237648179450833,0.017397295431542226
2014-08,0.016005578609794124,0.01855475121583483,0.014165085120376286,0.009729014015007476,0.017954945257494526,-0.002991837692510324,0.023377273916602048,0.022311095187310448,0.00774038325434212,-0.01323810837804773,-0.01905351556334911,0.008743758572234972,0.012253992330735874,0.007472185404262088,-0.01412493707618001,-0.008820168691963115,-0.01730232511384422,-0.017538998937545736,-0.008531295616224122,-0.01137965170868016,-0.025565962618183113,-0.011696832008020186,-0.01644742528839438,-0.010180254632000119,-0.025044258390744534
2014-09,0.05630519768094233,0.019438114759303682,0.024523391126458627,0.031909732083418296,0.028843815595275046,0.008645325397197645,0.021752189801155453,-0.002310571362657221,-0.016231923486068833,0.016067723694328295,-0.009562675138316323,-0.01981921186625235,0.0014582269031135908,-0.007755699583329445,-0.05462161485551431,0.04934796743860459,-0.020390667284726716,-0.022010363407071187,0.050609976732490125,-0.005926979176681169,-0.02634207064536387,-0.021567493087939038,0.017578266420086086,-0.006222889681039678,0.010518628826815535
2014-10,0.007344112752562193,0.010198707522726114,0.018539656200548427,0.013380477456592654,0.014151437931355426,0.02610522227956724,-0.026456504183450358,-0.017825635067928114,-0.00603958759158707,0.019188755732914453,-0.011410552613576153,-0.01505994085796114,-0.014651102419776851,-0.0004850546205552586,-0.004589572473811865,0.013346448646779363,0.0024670059172720027,0.0073781850925978,0.013121245580479446,0.005843634761132588,-0.010248478918140957,0.00011111937251118142,-0.010068984851248741,-0.0031572826061294634,0.0023019223203597505
2014-11,0.22722987865520783,0.043414737604255293,0.013878545890998462,0.03817038813624318,0.01919647160613991,0.03652647442845569,-0.05328720865229841,-0.05228649046602307,0.024547513374824304,0.0394792676264899,0.010118829498132476,-0.00045259821502552366,0.005092615871561179,-0.03491886872381056,-0.02382813835939157,0.019909869110093847,-0.005493769267455706,-0.001507194058244954,0.02252670171417992,0.0014212443505086103,-0.003588683315332908,-0.014546325005247884,-0.010411301681829133,-0.012511116672299094,0.0009459036884893468
2014-12,0.41710419601116855,0.1217626456763603,-0.011895201759053231,0.013147304584212538,-0.008416088050991921,0.05891949828753673,-0.11204953904201698,-0.10303275174412241,0.11032975625517172,0.09949668791051836,0.05758033232542914,-0.02220297805186222,-0.053036348703761615,-0.10245952072069542,-0.09415645792182381,-0.03409720945827788,-0.010185385519870582,-0.02987750945058032,-0.0286055322743074,-0.016449741047388722,-0.06665578636313307,-0.0566286625947916,-0.04556508386624103,-0.02888702634539886,-0.016632469900689895
2015-01,-0.0803599374306786,-0.010482316218289878,-0.0314451347249064,-0.03636404601253873,-0.03519933272647169,-0.06739091501806693,0.05144808933504841,0.05842890598295525,0.006913989399551568,-0.06224040596889935,0.015346443227648887,-0.09080122362789111,0.05351279647830287,0.056685095732776025,0.02154432389801819,-0.0046523012730878,-0.056079221544302005,-0.05693822365798529,-0.0034607500349712605,-0.00791911045972482,0.015309064362248215,0.02520629392284124,0.04516261957520751,0.018841940821995973,0.0547982195603709
2015-02,0.04808184712204899,0.04987509603479601,0.00730052010293214,0.025758467804166907,0.006179090415954658,0.0025535661779223506,0.03340112776169479,0.05541285614037328,0.03865425342358764,-1.851741271341467e-05,-0.003421880183000936,-0.012495422736149675,0.0465074251734412,0.006979818581102304,-0.010911586050721622,-0.015559760122395905,-0.034221361244445525,-0.03487572535935801,-0.01391063426640371,-0.013164905987821163,-0.011938182830084854,-0.02050586132049581,-0.0018870718786985208,-0.026264886730127612,-7.444099244025004e-06
2015-03,0.24504083807423638,0.16446953910305706,-0.03264507557040186,0.014151029405574667,-0.03795187309399839,-0.04011519632294536,-0.01017701720683084,0.01793166921316436,0.039306457403006645,-0.036937291619207,-0.0037199240200516126,-0.014203956544644458,0.027194661060605974,-0.040524126379426706,-0.08632408041108419,-0.01385933565845554,-0.0610048484035548,-0.05891347072529274,-0.00764359735441944,-0.008876914787931955,-0.03887863586900375,-0.05200465033517743,-0.013464691598781053,-0.035759881904575685,0.011937782104055161
2015-04,0.512326022938473,-0.02704481874006137,0.015323937640979057,0.030888127691903078,-0.023595491124572154,-0.0037066575613576846,-0.0031063354704489177,0.0034783006668523964,0.06890660994725661,0.001492326112758846,-0.0746443327425712,-0.03414551607372218,0.12177190507316404,-0.015825661320462925,-0.08360869710239571,-0.02736459882749198,-0.1271950398842402,-0.1242269334575552,-0.02029682231440133,-0.006157414540472805,-0.016153655103154585,-0.07301026680938827,0.01623750847605776,-0.07550198162973654,0.023753616333688443
2015-05,0.1917287305218105,0.07391194486099373,0.015706426743836044,0.032687560178193076,0.021079583327088702,0.005717559997823196,0.0785560186645593,0.19612490939896188,0.025878382967937652,-0.006720738620021316,0.0170299853764182,0.006724489754664331,0.10889134091193586,0.022809060450931673,0.029930301883282828,-0.06702219912614038,-0.07498239323330569,-0.07490683321163161,-0.06363896020590609,-0.07071302760592524,-0.0594260875850241,-0.0905004339669725,-0.018569284532103936,-0.03135217163321091,-0.02355898063876416
2015-06,-0.2641298736139833,-0.07649805846613256,-0.038070852168535785,-0.025958971335077075,-0.053337427285966243,0.038994104265462015,-0.07159935364823988,-0.14975646797185294,-0.05517947516768573,0.05356873428019737,-0.044090210814387576,0.025522517898613373,-0.09232595526425003,0.02139510900709407,0.15499681918177455,-0.055018315627489156,0.12761843180899501,0.10699883162578883,-0.058634069983684256,0.08984687308493822,0.1005807732849513,0.07690114676100102,-0.08245096454623879,0.04886733507421703,-0.018452806922731213
2015-07,-0.14070017860535822,0.012682577254962357,-0.019109158369396306,-0.060106741710652334,0.00543104346116019,-0.034020010975146286,-0.002181674832927749,0.02086436701532368,-0.046153714297521575,-0.03130802954589418,0.05987975004258095,0.13131303202963784,-0.04803052472904723,0.08223259326961951,0.05836887205866792,-0.0022881533836666135,0.06455064671420452,0.06073949531465561,-0.008943638478569604,-0.026763327576604157,0.04242171670705974,0.027944118728667977,0.08526752039176255,0.030279094763140613,-0.036866189320022946
2015-08,-0.22940384260433055,-0.08336849447146988,0.08805300927406101,0.009181632523938,0.06387206392726408,0.036918417177913554,0.038576631967993436,-0.04353284325777673,-0.11069631507731525,0.027293067835893803,-0.016145038058219985,0.025945342558143736,-0.08461411937629193,0.025774908439894606,0.12694823054487347,-0.020530134170412717,0.08890569777869262,0.08619158481504718,-0.026402711562466985,0.08312525466690146,0.060395314206179274,0.08486965248668898,-0.02555126999675228,0.08977241914210121,0.037871454633802815
2015-09,-0.13674030973813134,-0.014986430873659473,-0.019021105303709818,-0.05483890397761748,0.012975169808654874,0.002023798487435169,0.025679435345101087,0.0012927827957995852,0.016171599335468745,-0.0291568217051007,0.002266909493022773,-0.041503949800497764,-0.04837541918332022,0.01615891638968936,0.02664622880408185,0.03541867635422058,0.0728388229399437,0.07671936240134758,0.03363259212079872,0.04885025446067348,-0.016714705001217856,0.01869883810743178,0.016827674414402694,0.03865765416267197,-0.030781317074031977
2015-10,0.22150270580889408,0.11086483170077788,-0.052182866578939335,-0.020258146299642177,-0.04949113148375417,-0.03383632319147667,-0.03782707358325044,0.022335545164795745,0.07519249839103037,-0.020047985921842204,-0.0076907383330886425,-0.00400156788513939,0.04838311396967376,-0.05091075304497539,0.019224985785770254,-0.043763273032919936,-0.09492678243438857,-0.09564307684409745,-0.038518665783959016,-0.03482842774329786,-0.012336246545562535,-0.05017102494506198,0.03603161881387984,-0.022171277085687113,0.03798290043357322
2015-11,0.009790245294835964,0.013851545883653671,-0.008956067904584475,-0.007196578953388433,0.008333586551432903,-0.0767223184354403,-0.037648367217746115,-0.016096134504559045,0.064864158855785,-0.09397289575660528,0.014097744829268954,0.008859073254984251,0.017728101787717998,-0.09833191391457996,-0.040064352538322634,0.02969061533065176,-0.03320587286221899,-0.035196344610630925,0.029768400401332773,7.923139656251799e-05,-0.003504346734387931,0.0019142755289607294,-0.021011958248176255,0.005982120373213773,0.0028579689996448554
2015-12,0.16715580809353647,0.060223004884947695,-0.048703394056317406,-0.007850177953047877,-0.05700541666586112,-0.0279130198472618,-0.017948261429507006,0.03352769831165214,0.024627451658790545,-0.048457377266891144,-0.0253876462753857,-0.015444583547443824,0.043019587558559724,-0.0491266066499626,-0.00817118967260444,-0.05756820194057555,-0.031226617952993196,-0.02925765891908516,-0.055024972114187665,-0.006784004704908142,-0.046382493539902314,-0.004264286668634987,-0.0020043277587007413,0.002831511350186,-0.007365132320743317
2016-01,-0.3191669413576781,-0.2669264196528558,0.0229858957036837,-0.010183494858396647,0.031190949126018053,0.04841437511163105,0.03251321843356214,-0.0252528070441711,-0.1052435914620582,0.04889812411591654,0.03372387508944108,0.08749551236949116,-0.07588634796035976,0.10554344836978302,0.03981720189225979,-0.000414101412591239,0.07431831015784751,0.07963282417971085,-0.00715138880187316,-0.027252805941053393,0.09837295622680697,0.08419392676224624,-0.02427238720947178,0.015605908213661923,-0.03831890167879215
2016-02,-0.002231552019624994,-0.01956909550395869,0.001507417413276535,-0.013822813395299005,-0.007450340524569943,0.020500241920144546,-0.00021090641072085692,-0.015205603070640783,-0.025512144452427554,0.024166792141491866,-0.03980607547396242,0.022243766364762108,0.03309443806013079,0.013211844527858174,-0.001985670500663672,-0.015183080294000506,0.012648878107571981,0.01096514209081123,-0.00833721535289944,-0.0319758857970851,0.0007821188010066482,-0.017750597790168632,-0.02870995338995841,-0.024436788682349442,-0.030913061787188223
2016-03,0.23542699982011928,0.04825570729361317,-0.025368145729349978,-0.002544853220675214,-0.031735301117603365,-0.06509929594760766,-0.04124218398635393,0.0006672106090999108,0.11145679932297115,-0.06177393942997533,0.017611311751100756,-0.02980342026639682,-0.022645519690534188,-0.05565327510400098,0.007412813688701725,0.0066148929463343276,-0.06939641404107055,-0.07183780394444073,0.005740883502726168,0.009804569059648216,-0.036752431298967325,-0.024756104330151185,0.01200328023925823,-0.009013758847544184,0.029409848241845005
2016-04,-0.009378671259389848,-0.01074349318114498,-0.004863596184046193,-0.023831263596552188,-0.02580713629661624,-0.0002215416385145108,-0.0033669187386700106,0.02683243980865324,-0.007038615281313998,-0.0015931120865578796,-0.01118033420767739,-0.01574631684773098,-0.010723331206792808,0.01520605400602748,0.03238394269983691,-0.02502127990359393,0.007452031031663031,0.006717433408347739,-0.025146045173870535,-0.015051106642009482,-0.02415494432051668,5.977198503126502e-05,-0.018765239737336015,-0.009581127596147265,-0.011011526678343264
2016-05,0.03642974045886982,0.0031942895033747476,-0.007476437357693544,0.003823301608442131,-0.00040082953208808725,-0.009973529606940978,-0.02078509395860839,-0.032154907593266335,-0.004579633697613494,-0.007433828869564896,-0.00023205209213095213,0.005000781899108686,-0.01760820893069681,-0.004025321554292582,-0.002018828186330701,0.006443767568039549,0.012406952532824977,0.01309557162759889,0.0065833384987306065,0.011250431717098275,-0.03123975193631634,0.009392529137082661,-0.015013455621550098,0.019853057560775378,-0.012872334944542319
2016-06,0.02719822625402024,0.014591163497346127,-0.015799320734048883,-0.015735345549788837,-0.033774838771935656,-0.011795111465407238,-0.02754433368172593,-0.0036741086559574088,0.015903065965175545,-0.013287257115795925,-1.0867779711265513e-05,-0.03148805399583954,0.015030394087591104,0.008708741493949734,-0.022251983533498887,0.009344593336936713,-0.020985173443816008,-0.017400465200247406,0.009183656601661871,-0.012823136810503954,-0.00884614785415827,-0.011486157582745182,-0.011476250875653626,-0.015357997167456006,0.0002406618105537106
2016-07,0.09672708618824033,0.02434513797232718,-0.06850339785905168,-0.07328208315013973,-0.05428156031128073,-0.025030792465714047,-0.017064595608223487,-0.01834865276052411,0.007330614107354139,-0.019714806513532523,-0.024857189650679845,-0.01014372488587878,-0.02040648414258439,-0.004796115557171188,-0.012537865360557565,0.00032370656787494845,-0.01691759166658391,-0.014664258938338448,0.002607864582976571,-0.022374435386088742,-0.03755678683039665,-0.017754614063497987,-0.03713063492763968,-0.015965583933545746,-0.023223777354720365
2016-08,0.11690777215094861,0.06116130626213612,0.027898925626179016,0.01691429621428897,0.021362954254690703,0.0077862871241030085,-0.03177982449762262,-0.018318681250163116,0.016268645679757165,0.007302654153842347,0.028904390055549012,-0.007553499557448107,-0.00710176996164591,-0.00449482212805985,0.001392014804330488,-0.0001314968208067091,-0.023717297910696655,-0.032681365681408225,-0.0006022369184980336,-0.011826271902946384,0.03319110512454282,-0.008628157713910789,0.0258658578647204,0.0049460925000928135,0.030198682835204327
2016-09,-0.03389679248244004,-0.01664599140477152,-0.01347791303769208,-0.0059658446973887,-0.01355976349784438,0.004228435710516898,0.027143575981836143,0.010390999036386406,-0.021559412390203647,0.012742591404053982,-0.012385664757543768,0.0142696156444444,0.01204121067674735,-0.004501417421048037,-0.015686490436316314,-0.003954178853589729,0.002403565789102391,0.0014251671340681504,-0.004942621257045476,0.012035636724966547,-0.02056957816091398,0.019839870638036716,-0.013336837878847652,0.004577824227442129,-0.024344920410852122
2016-10,0.07404759696194207,0.0007625966713757926,-0.01807396659467897,-5.173879390052427e-05,-0.013426584301595934,-0.01861105892388637,-0.015205547324449786,-0.01729738706295736,0.029371207912040065,-0.025858815488024156,0.00596411769751537,-0.0041493203007806345,0.015084486300519506,-0.0028268732450317247,0.008872381359834147,-0.005501879400837906,0.015022959252282364,0.008518897018715554,-0.004568265763315593,-0.01625878145805082,-0.012782702052283046,-0.023476411783281637,-0.004686631771698591,-0.01610737338167678,0.0011423161072579013
2016-11,0.16642931985763365,0.04687222987437378,0.026133275352677288,0.03359682713930856,0.012916911888651406,-0.013093919967528067,-0.019046029055042712,-0.016973919226015766,0.018423538214406454,-0.011389111433435684,-0.0032638475778185017,-0.015210482163407368,-0.0002612814186229162,-0.020958047132262014,-0.011429394880370203,-0.012365767966245889,0.0036905633149946215,0.006711507891805635,-0.010923680371086819,-0.006513992107667899,-0.025685891879332123,-0.013545453641130023,-0.014545406814254536,-0.001031929486963734,-0.011699166534250405
2016-12,-0.1648640374796022,-0.06007658904985602,0.016387304153798077,-0.009287966939270809,0.0321629959813623,0.01667576123930714,0.03057523511162974,0.002798587976187372,-0.026990423711002465,0.012370576600591487,0.008062030634265582,0.022305528336733937,-0.0053905817440618176,0.012495567077069891,-0.01361665037724935,0.026437775069244163,0.014764416199603225,0.014801823776055878,0.02405428941229082,0.004658157569584764,0.017737155699440565,0.008873311222065583,-0.015586121810039377,0.01776969184382149,-0.013467279408441057
2017-01,0.1399672989394345,-0.011719006124150777,-0.027455818494353856,-0.010164015499643853,-0.02023089125586708,0.004595874150353785,-0.02170409551487107,-0.016690270393587503,-0.012600976843952671,0.01105391415229362,-0.018002257141527478,-0.02013840590120697,-0.02232649609645876,0.009547615871511761,-0.01584602191122708,-0.010004152452717907,0.007302191671960445,0.005797771931578932,-0.007333426901294571,-0.01626343920849005,-0.0049145100113270335,-0.013834282272258025,-0.017593772428235566,-0.013692660026465853,-0.007964567090426589
2017-02,0.07202862402521348,0.024945105606927198,-0.004297505561398407,-0.0020236654415907163,-0.0027454321982113283,-0.001989805243151399,-0.011012034513542268,-0.007613694862696363,0.0003856573249023665,-0.005367936112827931,-0.012667023761974927,-0.008601310883081026,-0.014469659135397439,0.0021417433963570875,0.019592955665716616,0.00774367678732335,-0.015884923321387134,-0.016168842448520793,0.016057910982314016,0.011292075563327897,-0.0037126470269287504,-0.0017355753071364166,-0.0078029064917904956,-0.0030198687201440366,0.01223413653114691
2017-03,0.011158699918062398,-0.010974239896932914,-0.05331572378438054,-0.05000069767475346,-0.04854228053799092,-0.013684650484445782,-0.005665900232712406,0.006037905213255312,0.006891177899938983,-0.006035039168469258,0.0033336485008943484,0.016270640954766602,-0.007238980013670293,0.011030434616765783,-0.002651120717623634,0.008603289487426835,0.003903180171030751,0.0013679136675068815,0.005559093418869621,-0.004671914908801367,0.005857999224314847,-0.007496592817400782,-0.012908085772279643,-0.013450056356936413,0.0026208644711822604
2017-04,0.030934929007043976,-0.03443600148842918,-0.013859643976737335,-0.017488776260432992,-0.012868203695750036,0.038199555504794036,0.007430500934182183,0.02005245750502982,-0.00044890135868391745,0.05512677089297302,0.006496269856467229,-0.0012459028813610606,-0.0034732617195442073,0.011980300462425042,-0.00080116183505341,0.051718066180771016,0.004661946588740529,0.007771536401724788,0.035748948490143206,-0.017227343185037713,0.02520104997365702,-0.0074439288744426735,0.00013432614621256,-0.010129927370266745,0.0043527010473976
2017-05,0.1385911630738912,-0.02200180122266704,-0.03567736348402262,-0.04738935928525667,-0.04752735982774814,-0.019479326414024167,-0.043266677686076394,-0.02150497808866425,0.02748113799887819,0.0010706882895292757,0.017639737937932054,0.02434945965152968,-0.051202757322959536,0.014616552824445295,0.019871957050572764,-0.02575814804557064,0.027300001472222224,0.03540647248625306,-0.027460218384415036,0.0060499816278711815,-0.018637225757074827,0.016163557107351956,0.0016449701183864907,-0.01444746083438464,-0.028337517401819556
2017-06,0.14775299455083024,0.0031289332886899057,-0.10868899432265855,-0.07134063664621715,-0.10835800402559903,-0.05957205267999233,-0.0283145124877745,-0.021439264218006793,0.053750818769175535,-0.056061210004554884,-0.007457991171877398,-0.012306644442532821,0.02324209308668168,-0.007556500438124947,0.01957022342118564,-0.03792655333039685,-0.06268510500807645,-0.06212269747506549,-0.034884979396232474,-0.010505269991087474,-0.0054450199112309194,-0.02745310914656318,-0.020869469428178578,-0.0005777623149244571,-0.01407213213649161
2017-07,0.046318579180424146,0.034682427506955715,-0.0163591675960838,0.01822919869473072,-0.02057172335597024,0.01864597938966983,-0.06044665949543826,-0.06696774516843951,-0.010983388202494782,0.0042887136208695775,0.0008572720300008552,0.00965985139055503,-0.012010559778105057,-0.016749163515760168,-0.03747056605889432,-0.05831817326075628,-0.0251929646736212,-0.02391620691604046,-0.04966439683487256,-0.04715678180415639,0.040010489667696936,-0.04593882822316486,-0.013869487438238015,-0.022673247735828572,0.009555724960972789
2017-08,0.08471536474950203,0.024926989889895612,-0.007029575857469994,-0.003418577037531789,-0.013322571207277645,-0.013964021743177235,-0.02042139513999408,-0.011184758932569872,0.013259006727006417,-0.00012908930446275946,0.013463869854270172,-0.021828825223247805,-0.007835337622638883,-0.006933053234919884,-0.008123289835803571,-0.02157134985856346,0.00884915171313505,0.010318699439185952,-0.021185232844153634,0.0030419862771184913,-0.008033909462271116,0.001760218965197069,-0.0020203466402000103,0.0065973652003623595,0.02961318611748731
2017-09,0.0019705733539208126,-0.03919392611651007,-0.008109036404022718,-0.02407682214451845,-0.02799922976854463,0.004649684947954924,0.0423295911280448,0.01759621156055058,0.005631840068528682,0.007057089185325438,0.020123140887496893,0.0015842206548288829,0.011533997852747113,-0.011224836939752847,-0.008851847564415372,0.009934553458670559,-0.009675282108969618,-0.010952376714601919,-0.012400498627143874,0.00993153245873124,0.027440450319415666,0.010396325871213419,0.006679826320292737,0.0012161310733422859,0.005424303911783612
2017-10,0.12307738192460493,0.025312009127606228,-0.05244106854532127,-0.04992611318719742,-0.06140690118544856,-0.0473446302929057,-0.00036146791837599057,-0.001327724599010316,0.005721252507354002,-0.024890570717923333,-0.010035646546183274,0.017395949050177162,0.0014036738938605353,0.0013891107280299408,0.014515885113481675,-0.005629525936865165,-0.006365613644600976,-0.0078038450247831515,-0.006058213967216175,-0.021920601693245945,-0.029692938761679222,0.0011134847817710902,0.011867809228521375,-0.006440913510893487,0.014524526171307395
2017-11,0.07872997161875328,-0.016475162997887316,-0.03836659183251012,0.02147880257574908,-0.0387536264795032,0.03524845829093959,0.00943910843057516,-0.015463633369219743,-0.032790403324134854,0.020423879243515408,0.016644969310027014,-0.012891433645885186,-0.03272117139151576,-0.0031654144259560812,0.00404515947551376,0.004793729047711803,-0.0006311181800934262,-0.002551342548605451,0.008579678563694904,0.019381186706514564,-0.024627501559212672,0.013831622631125917,0.0019082611758547419,-0.010078018848754144,0.00014800356965616324
2017-12,0.03001703301944958,-0.01977131484302952,-0.008295758557291144,-0.0023688067433714766,-0.017940262325355727,-0.007347116549065724,0.01467398599302161,0.002813197399575307,-0.02670621456957467,0.024150528479684796,-0.03185270740868651,0.0018150826189182734,-0.005811423772647095,0.012054838134884838,0.004753812555959858,-0.0030029740516380743,-0.008222421275461356,-0.02080296401294146,-0.0010873069580047412,0.0018867545497016636,0.002346380506588197,-0.0034391642906903552,-0.0017637752718778765,-0.010498533254861164,0.012295833794723876
2018-01,0.41147323239988265,0.0060955011917356305,-0.07492844109720731,-0.03660989621821442,-0.07707353891786395,-0.039310985618739136,-0.09775979139903579,-0.07666169075036855,0.022048183682593425,-0.017146649060197694,0.04549327140309911,-0.014213869107611687,-0.06857623321865491,0.015606810259802817,0.008119368244397407,-0.0036612823496073865,-0.029579866176718372,-0.03021940368517384,-0.007956853653058205,0.013118027569652302,-0.006889726844674704,-0.012847241374455143,0.03401586928781519,-0.016609597349573235,0.05792533292264612
2018-02,-0.13396793504929838,-0.013654616005729592,-0.015319688500031847,-0.011386735443590146,0.010094973322864798,-0.011966992643659635,0.03649765246972381,0.04248978076578558,0.024349379523530335,-0.020445665483335262,-0.019670001986476282,0.012585929210939817,0.005789467177842456,-0.0029097470016705707,0.01074251884445232,0.005115446922826505,0.014996366968733854,0.014398715552775831,0.001996739827336391,-0.000538593372965579,0.02382124674927999,0.02813447811796288,0.0085466202043194,0.0036813724064073128,-0.006286969087886951
2018-03,-0.06424062699968736,0.004029740900268974,0.022347492975477667,-0.015133914904980061,0.03323090579682586,-0.03540946745398388,0.04597580919728306,0.053372448402849715,0.022486491994225144,-0.014636353309953498,-0.005875981007353315,0.007500117079610957,0.048104795896124264,0.019019355757654344,0.018826635853496754,-0.0060021356545659765,-0.010655621249341829,-0.00959785588000217,-0.007344939437908815,0.03670484266984064,-0.0011217762826737365,-9.97936863618154e-05,-0.003550214270679364,0.020064688333875758,-0.012373431502864185
2018-04,-0.0801347575693463,-0.025524157345302445,0.0255974261955616,0.009877837951461688,0.026747353823177722,0.026109857039057216,0.004427987428233804,0.00837669727887036,-0.02892623734374844,0.017802793780786308,0.01013046308834098,-0.00021967883892703988,-0.023054841924602942,0.011515960355974242,0.017413834475878742,0.0032749763696680034,0.007859685392983762,0.010398655564792803,0.003589881901973957,-0.0045564821080785745,0.004653819733287046,-0.004823628951901027,-0.0005271364025669634,0.004980843189718698,-0.0018456517422574814
2018-05,0.20448156853582922,0.003735163229488636,-0.01474938165404227,-0.010811703053608679,-0.00817706132919449,-0.018887817956665276,0.024850774272931142,0.05970481809272199,0.012953297181071965,-0.025650963501455237,-0.03171689228351271,-0.006282662351224211,-0.014637561909844443,0.025336232923232282,0.0277841655895239,-0.005588462867520239,0.036443101514795684,0.03781296952214186,-0.003857062482817919,0.034216678870853556,0.01421407239814343,-0.003292738149849983,0.013077767294719767,0.0017130704221672843,0.009822862216149364
2018-06,-0.31611254076830475,-0.07419136337326937,0.0371703991062009,0.0014917557514777524,0.013015064313989466,0.04312320610369769,0.021954453083357528,-0.020414246221856502,-0.05892421566581574,0.021472505751481075,0.0016533659729291994,-0.00714318639834266,-0.0062096360323331545,0.023970749993875273,-0.011975610304635342,0.011434859666840103,0.045853761645829216,0.04774743563662365,0.003038379465463148,0.03302596690666393,0.013652044494115723,0.0584167643458533,0.013956135914253931,0.037048201440007755,0.0016240739510129387
2018-07,-0.026230959682322252,-0.030099588557264245,-0.0072893710498350694,0.011230327253509254,0.001861651391383834,0.013623416288097712,-0.015444481825197087,-0.03184063070014642,-0.01651688510463789,0.017450177049803228,0.0024638244258170516,-0.0048202860634649625,-0.025426135355976376,0.0025515168581666803,0.0036388851112141296,-0.027241203859035723,0.017831196003731842,0.019280471346755146,-0.025555615895628825,0.006763791493853422,-0.001133394020161993,-0.007889865342000313,0.002986094852243104,-0.0037209898227588134,-0.000953522517628036
2018-08,-0.19516153317610352,0.007640765273163597,0.12856691723962244,0.11065394995794198,0.11582577621363943,0.04315108408824697,0.012166848718130785,-0.023132903799058746,-0.052919228784829575,0.03462105740827304,0.002659474409636209,0.017296987135269726,-0.04356516141325972,-0.009696394951408505,-0.00899114870893869,0.008921724932046793,0.02719640450261296,0.028809073078830627,0.007648881403778729,0.018915125316242065,-0.005616973240321066,0.027637232183100213,-0.0002335534000997841,0.023584778105384396,-0.015594535222476225
2018-09,0.10102034003050586,-0.0008143676492859964,-0.04453238581971053,-0.043923149162008235,-0.0322341881277447,-0.009190105931808135,-0.025520793870104974,-0.029044659683478247,0.016711317779962043,-0.005432850903425823,-0.0042849914630748165,-0.0056500902100354855,-0.006181860951064766,-0.0022328329208992637,-0.019725621027179674,-0.027505811460296847,-0.014830532249706652,-0.009851710959479454,-0.026193398245811794,-0.006436999124311504,-0.020904517170432735,-0.015029801159299305,-0.014538078104626706,-0.011891098112252863,-0.011220405711577675
2018-10,-0.280176972995,-0.06140632868937046,0.152575540839069,0.11116067106742444,0.1572241225019213,0.06875246077607855,-0.014322186130906855,-0.06394691090834692,-0.019532624654762687,0.0003700342828578673,0.015745088072900204,0.017474895378169153,-0.031776707610884025,0.009305127547664771,-0.010748786888001405,0.0697995403639664,0.04702317097378694,0.04132296556267412,0.059906687454197804,0.02247418796949696,0.04908672128138991,0.037180497173500804,0.01674948027642742,0.03046872835834158,-0.008015676959099993
2018-11,0.0025822136037418897,0.003700129836135435,0.0012794504750817115,-0.016121549494114817,-0.013312489926144977,-0.0005300357044143444,0.027984713954528173,0.025962992690661935,0.0025061002835937707,-0.0019377599407927049,0.011674743343206506,-0.005005572436635242,0.02495732002614326,-0.001645603825741082,0.0040106393409895524,-0.0042334860057021695,-0.014472358943256824,-0.008513889595941349,-0.0009882025788936488,-0.0032318199955908566,-0.007998630142543095,-0.007495103400444125,-0.01808651301340769,-0.006889600551774011,-0.01312735130027931
